{"Wanindu Hasaranga": {"date_number": [10, 11, 12, 13, 14, 15, 16, 17, 18], "ratio": [7.5, 6.75, 7.0, 7.5, 2.25, 9.75, 5.5, 13.666666666666666, 9.0]}, "Maheesh Theekshana": {"date_number": [15, 16, 17, 18], "ratio": [7.25, 7.25, 8.25, 12.0]}, "Tillakaratne Dilshan": {"date_number": [0, 1, 2, 5], "ratio": [14.0, 10.0, 7.0, 4.0]}, "Angelo Mathews": {"date_number": [0, 1, 2, 3, 4, 6, 7, 8, 9, 11], "ratio": [7.5, 15.473684210526317, 9.666666666666666, 7.666666666666667, 6.25, 5.333333333333333, 11.0, 6.333333333333333, 6.857142857142857, 12.666666666666666]}}