{"Wanindu Hasaranga": {"date_number": [10, 11, 12, 13, 14, 15, 16, 17, 18], "ratio": [0.5, 0.25, 0.5, 0.25, 1.0, 0.0, 0.25, 0.3333333333333333, 0.25]}, "Maheesh Theekshana": {"date_number": [15, 16, 17, 18], "ratio": [0.25, 0.25, 0.0, 0.0]}, "Tillakaratne Dilshan": {"date_number": [0, 1, 2, 5], "ratio": [1.0, 0.0, 0.0, 0.0]}, "Angelo Mathews": {"date_number": [0, 1, 2, 3, 4, 6, 7, 8, 9, 11], "ratio": [0.5, 0.0, 0.0, 0.0, 0.25, 0.0, 0.0, 0.3333333333333333, 0.0, 0.0]}}